{
  "latent_mix_v0": {
    "frozen": {
      "c_f": 0.25,
      "denom": 4.2153870193402865,
      "R_dexp": {
        "linear_no_latent": 0.4396254785690955,
        "gbm_no_latent": 0.4887865311520911,
        "logistic_ctx_no_latent": 0.685924040127203,
        "hetero_no_latent": 0.9510993279575856,
        "marker_conditional_no_latent": 0.9665514871181438
      },
      "best_dexp": "marker_conditional_no_latent",
      "theory_gap": 0.03344851288185624,
      "gap_energy_only": 0.028247818233297584,
      "functional_share": 0.1554835835879482,
      "R_dobs": {
        "linear_no_latent": 0.0003517575461821223,
        "gbm_no_latent": 0.14061688279874035,
        "logistic_ctx_no_latent": 0.041110020474938794,
        "hetero_no_latent": -0.15419076365150064,
        "marker_conditional_no_latent": -0.48510270686900675
      },
      "mechanistic_gap": 0.8593831172012596
    },
    "x2": {
      "c_f": 0.5,
      "denom": 4.303667322370589,
      "R_dexp": {
        "linear_no_latent": 0.4376848227263043,
        "gbm_no_latent": 0.48650949341295185,
        "logistic_ctx_no_latent": 0.6806350821881877,
        "hetero_no_latent": 0.9446475357749713,
        "marker_conditional_no_latent": 0.9615641541749179
      },
      "best_dexp": "marker_conditional_no_latent",
      "theory_gap": 0.03843584582508208,
      "gap_energy_only": 0.028247818233297584,
      "functional_share": 0.2650657835955856,
      "R_dobs": {
        "linear_no_latent": 0.0003603847361172916,
        "gbm_no_latent": 0.14027079224646516,
        "logistic_ctx_no_latent": 0.04299432766949702,
        "hetero_no_latent": -0.15192123172946764,
        "marker_conditional_no_latent": -0.4822230242975923
      },
      "mechanistic_gap": 0.8597292077535348
    },
    "delta_p": {
      "mean": 0.10460606060606062,
      "max": 0.389
    },
    "access": {
      "theory": {
        "mode": "experimental",
        "n_rows": 7500,
        "seed0": 60001,
        "grid": "do(dose) x 6 x 5 (standard v0.39)",
        "standardized": true
      },
      "mechanistic": {
        "mode": "observational",
        "n_rows": 4000,
        "seed0": 50001,
        "grid": null,
        "standardized": true
      }
    }
  },
  "latent_mix_v1": {
    "frozen": {
      "c_f": 0.25,
      "denom": 3.4732543957548208,
      "R_dexp": {
        "linear_no_latent": 0.4369402277659409,
        "gbm_no_latent": 0.5020899653328661,
        "logistic_ctx_no_latent": 0.7063210455865145,
        "hetero_no_latent": 0.9643109228934739,
        "marker_conditional_no_latent": 0.9636901890254581
      },
      "best_dexp": "hetero_no_latent",
      "theory_gap": 0.035689077106526135,
      "gap_energy_only": 0.02717276541142577,
      "functional_share": 0.2386251588877053,
      "R_dobs": {
        "linear_no_latent": 0.00028869436454496364,
        "gbm_no_latent": 0.13385808112806405,
        "logistic_ctx_no_latent": 0.04096887464492861,
        "hetero_no_latent": -0.14236414262639402,
        "marker_conditional_no_latent": -0.6146848245686386
      },
      "mechanistic_gap": 0.8661419188719359
    },
    "x2": {
      "c_f": 0.5,
      "denom": 3.5612240927245185,
      "R_dexp": {
        "linear_no_latent": 0.4351979771455261,
        "gbm_no_latent": 0.49919946986449976,
        "logistic_ctx_no_latent": 0.6994684052858491,
        "hetero_no_latent": 0.9562153526847901,
        "marker_conditional_no_latent": 0.956494905021266
      },
      "best_dexp": "marker_conditional_no_latent",
      "theory_gap": 0.043505094978734005,
      "gap_energy_only": 0.028740574993024515,
      "functional_share": 0.3393745029846878,
      "R_dobs": {
        "linear_no_latent": 0.00031666329928212785,
        "gbm_no_latent": 0.13271070573466093,
        "logistic_ctx_no_latent": 0.04423190951105682,
        "hetero_no_latent": -0.14016317907523693,
        "marker_conditional_no_latent": -0.6080238101521733
      },
      "mechanistic_gap": 0.8672892942653391
    },
    "delta_p": {
      "mean": 0.1341212121212121,
      "max": 0.479
    },
    "access": {
      "theory": {
        "mode": "experimental",
        "n_rows": 7500,
        "seed0": 60001,
        "grid": "do(dose) x 6 x 5 (standard v0.39)",
        "standardized": true
      },
      "mechanistic": {
        "mode": "observational",
        "n_rows": 4000,
        "seed0": 50001,
        "grid": null,
        "standardized": true
      }
    }
  }
}
