{
  "R_global": {
    "bayes": 1.0,
    "plugin": 0.9990967048794204,
    "null": -0.24847603487128245,
    "oracle_uncl": 1.1064819307824467
  },
  "denom": 1.9331893049215012,
  "per_n_cal": {
    "2": {
      "gap_plugin": -0.0257,
      "tax_unknowable": 0.1456,
      "dP_plugin_mean": 0.1164,
      "dP_plugin_max": 0.3232
    },
    "4": {
      "gap_plugin": 0.1043,
      "tax_unknowable": 0.2061,
      "dP_plugin_mean": 0.1071,
      "dP_plugin_max": 0.2943
    },
    "8": {
      "gap_plugin": -0.0368,
      "tax_unknowable": 0.0585,
      "dP_plugin_mean": 0.0474,
      "dP_plugin_max": 0.0813
    },
    "16": {
      "gap_plugin": -0.0239,
      "tax_unknowable": 0.1698,
      "dP_plugin_mean": 0.17,
      "dP_plugin_max": 0.3918
    },
    "32": {
      "gap_plugin": -0.014,
      "tax_unknowable": 0.023,
      "dP_plugin_mean": 0.0442,
      "dP_plugin_max": 0.157
    },
    "64": {
      "gap_plugin": 0.0055,
      "tax_unknowable": 0.0287,
      "dP_plugin_mean": 0.0576,
      "dP_plugin_max": 0.1507
    }
  },
  "L1_ncal4": {
    "R": {
      "bayes": 1.0,
      "plugin": 0.8957,
      "pooled": 0.0,
      "null": 0.0219
    },
    "order_ok": false
  },
  "diagnostic_gap_16lots": {
    "2": 0.7126,
    "4": 0.1212,
    "8": 0.0561,
    "16": 0.0518,
    "32": 0.0026,
    "64": 0.0183
  }
}
