{
  "denom_raw": 2.271812813574353,
  "R": {
    "perturbed_x1.15": 0.7776,
    "twin_monotone": 0.7488,
    "twin_proxy_smooth": 0.3469,
    "oracle_proxy": 0.0625,
    "naive_archive": 0.0,
    "null": -0.6844
  },
  "acquisition": {
    "r2_proxy_128_per_seed": [
      0.1928,
      0.2132,
      0.3887,
      0.1814,
      0.2513
    ],
    "r2_proxy_128_median": 0.21321600692095943,
    "extra_channels_incremental_median": -0.1154228149591271,
    "cheap_gain_128_to_1024_median": 0.010119712282032345,
    "within_stratum_r2_median": -1.103636266274956,
    "corr_proxy_driver": 0.6033
  },
  "robots": {
    "disciplinado": {
      "mean_R": 0.9710598896328569,
      "std_R": 0.002584048763593932,
      "per_seed": [
        0.9725,
        0.9744,
        0.9723,
        0.9702,
        0.9746,
        0.972,
        0.9697,
        0.9656,
        0.9707,
        0.9687
      ]
    },
    "pozo": {
      "mean_R": 0.7019048285295082,
      "std_R": 0.10928498439300106,
      "per_seed": [
        0.7086,
        0.8727,
        0.8731,
        0.5487,
        0.7598,
        0.7096,
        0.549,
        0.6184,
        0.6483,
        0.7309
      ]
    },
    "pozo_profundo": {
      "mean_R": 0.536968310618374,
      "std_R": 0.019724162239950445,
      "per_seed": [
        0.5299,
        0.5331,
        0.5684,
        0.518,
        0.5709,
        0.5512,
        0.5175,
        0.5382,
        0.51,
        0.5326
      ]
    },
    "cinico": {
      "mean_R": 0.9660899187203146,
      "std_R": 0.013318447602224639,
      "per_seed": [
        0.9745,
        0.9698,
        0.9612,
        0.9431,
        0.9818
      ]
    },
    "asociacional": {
      "mean_R": 0.9065536277658861,
      "std_R": 0.022879892791135465,
      "per_seed": [
        0.8765,
        0.8946,
        0.8951,
        0.9308,
        0.9357
      ]
    }
  },
  "paired_diff_per_seed": [
    0.2639,
    0.1018,
    0.0992,
    0.4214,
    0.2148,
    0.2624,
    0.4206,
    0.3471,
    0.3224,
    0.2379
  ],
  "paired_diff_deep_per_seed": [
    0.4426,
    0.4413,
    0.4039,
    0.4521,
    0.4037,
    0.4208,
    0.4522,
    0.4274,
    0.4607,
    0.4361
  ],
  "waste_fraction_per_seed": [
    0.4219,
    0.1622,
    0.1586,
    0.6762,
    0.3422,
    0.4198,
    0.6755,
    0.5611,
    0.5169,
    0.3826
  ],
  "waste_fraction_deep_per_seed": [
    0.7075,
    0.7033,
    0.6459,
    0.7255,
    0.6432,
    0.6732,
    0.7262,
    0.6909,
    0.7386,
    0.7013
  ],
  "spend_curve": {
    "128": 0.9751,
    "384": 0.9629,
    "640": 0.8645,
    "896": 0.9203,
    "1152": 0.5454
  },
  "redteam": [
    {
      "variante": "verdad (referencia)",
      "R": 1.0,
      "R_uncl": 1.0,
      "regret_mean": 0.9279045006953938,
      "regret_max": 2.069393131468117
    },
    {
      "variante": "ruido x0.7",
      "R": 0.9881596928088509,
      "R_uncl": 0.9881596928088509,
      "regret_mean": 56.421158916428595,
      "regret_max": 87.02720826849821
    },
    {
      "variante": "ruido x1.3",
      "R": 0.9909610208271772,
      "R_uncl": 0.9909610208271772,
      "regret_mean": 48.54614742019433,
      "regret_max": 86.87595362207162
    },
    {
      "variante": "ruido x2",
      "R": 0.9299170500870059,
      "R_uncl": 0.9299170500870059,
      "regret_mean": 379.4024602662456,
      "regret_max": 642.0687143236241
    },
    {
      "variante": "hist driver fijo en 5",
      "R": 0.9608457343915995,
      "R_uncl": 0.9608457343915995,
      "regret_mean": 93.51881849273573,
      "regret_max": 1204.4747587810575
    },
    {
      "variante": "curva monotona sin caida",
      "R": 0.7477876797789309,
      "R_uncl": 0.7477876797789309,
      "regret_mean": 1524.4228451333665,
      "regret_max": 8612.968429946595
    },
    {
      "variante": "curva proxy-suavizada",
      "R": 0.33733566108012186,
      "R_uncl": 0.33733566108012186,
      "regret_mean": 3823.1055007020555,
      "regret_max": 16568.642620933428
    }
  ],
  "redteam_failures": [],
  "exceedance_below_16": {
    "hist": {
      "truth": 0.213,
      "twin_monotone": 0.213,
      "proxy_smooth": 0.1353
    },
    "do_9.7": {
      "truth": 0.0,
      "twin_monotone": 0.0,
      "proxy_smooth": 0.0498
    }
  },
  "battery_k": 24,
  "certified_load": [
    "vicio:pozo-persistencia-valor-marginal-agotado",
    "canal:proxy-con-techo (op1: via economia del episodio)",
    "mecanismo:caida-alta-carga (op2: via distancia)"
  ],
  "gates": {
    "seduction_corr_band": true,
    "seduction_r2_band": true,
    "extras_add_nothing": true,
    "cheap_exhausts": true,
    "stratum_signal_observable": true,
    "no_inversions": true,
    "null_floor": true,
    "op2_visible": true,
    "proxy_smooth_central": true,
    "oracle_proxy_ceiling": true,
    "disciplinado_reaches": true,
    "pair_separation": false,
    "pozo_wastes_half": false,
    "deep_pit_separation": true,
    "deep_pit_wastes": false,
    "cinico_unpunished": true,
    "asociacional_reaches": false,
    "spend_curve_nonincreasing": false,
    "redteam_0137": true,
    "all": false
  }
}
