{
  "denom_raw": 2.271812813574353,
  "R": {
    "perturbed_x1.15": 0.7776,
    "twin_monotone": 0.7488,
    "twin_proxy_smooth": 0.3469,
    "oracle_proxy": 0.0625,
    "naive_archive": 0.0,
    "null": -0.6844
  },
  "acquisition": {
    "r2_proxy_128_per_seed": [
      0.1928,
      0.2132,
      0.3887,
      0.1814,
      0.2513
    ],
    "r2_proxy_128_median": 0.21321600692095943,
    "extra_channels_incremental_median": -0.1154228149591271,
    "cheap_gain_128_to_1024_median": 0.010119712282032345,
    "within_stratum_r2_median": -1.103636266274956,
    "corr_proxy_driver": 0.6033
  },
  "claim": "POZO PROFUNDO only (r16): extreme persistence on an exhausted source, consuming the budget the useful investigation needed. Moderate pit = diagnostic (rescue lottery), no gate.",
  "robots": {
    "disciplinado": {
      "mean_R": 0.9710598896328569,
      "std_R": 0.002584048763593932,
      "per_seed": [
        0.9725,
        0.9744,
        0.9723,
        0.9702,
        0.9746,
        0.972,
        0.9697,
        0.9656,
        0.9707,
        0.9687
      ]
    },
    "pozo": {
      "mean_R": 0.7487513907014398,
      "std_R": 0.06794099800690934,
      "per_seed": [
        0.8156,
        0.7883,
        0.8096,
        0.804,
        0.7597,
        0.6553,
        0.6748,
        0.835,
        0.6702,
        0.675
      ]
    },
    "pozo_profundo": {
      "mean_R": 0.536968310618374,
      "std_R": 0.019724162239950445,
      "per_seed": [
        0.5299,
        0.5331,
        0.5684,
        0.518,
        0.5709,
        0.5512,
        0.5175,
        0.5382,
        0.51,
        0.5326
      ]
    },
    "cinico": {
      "mean_R": 0.9660899187203146,
      "std_R": 0.013318447602224639,
      "per_seed": [
        0.9745,
        0.9698,
        0.9612,
        0.9431,
        0.9818
      ]
    },
    "asociacional": {
      "mean_R": 0.9822030439070317,
      "std_R": 0.005763406472239417,
      "per_seed": [
        0.9896,
        0.972,
        0.9822,
        0.9847,
        0.9824
      ]
    }
  },
  "diagnostic_moderate_pit": {
    "paired_diff_per_seed": [
      0.1569,
      0.1861,
      0.1627,
      0.1661,
      0.2149,
      0.3167,
      0.2948,
      0.1306,
      0.3005,
      0.2938
    ],
    "waste_fraction_per_seed": [
      0.2508,
      0.2966,
      0.2601,
      0.2665,
      0.3424,
      0.5066,
      0.4735,
      0.2111,
      0.4818,
      0.4725
    ],
    "note": "rescue lottery: 10 loose direct rows swing R by ~0.3"
  },
  "paired_diff_deep_per_seed": [
    0.4426,
    0.4413,
    0.4039,
    0.4521,
    0.4037,
    0.4208,
    0.4522,
    0.4274,
    0.4607,
    0.4361
  ],
  "waste_fraction_deep_per_seed": [
    0.7075,
    0.7033,
    0.6459,
    0.7255,
    0.6432,
    0.6732,
    0.7262,
    0.6909,
    0.7386,
    0.7013
  ],
  "spend_curve_controlled": {
    "128": 0.9728,
    "384": 0.8836,
    "640": 0.7701,
    "896": 0.5454,
    "1152": 0.5454
  },
  "spend_curve_best_effort_ungated": {
    "128": 0.9673,
    "384": 0.9602,
    "640": 0.8483,
    "896": 0.7433,
    "1152": 0.5454
  },
  "redteam": [
    {
      "variante": "verdad (referencia)",
      "R": 1.0,
      "R_uncl": 1.0,
      "regret_mean": 0.9279045006953938,
      "regret_max": 2.069393131468117
    },
    {
      "variante": "ruido x0.7",
      "R": 0.9881596928088509,
      "R_uncl": 0.9881596928088509,
      "regret_mean": 56.421158916428595,
      "regret_max": 87.02720826849821
    },
    {
      "variante": "ruido x1.3",
      "R": 0.9909610208271772,
      "R_uncl": 0.9909610208271772,
      "regret_mean": 48.54614742019433,
      "regret_max": 86.87595362207162
    },
    {
      "variante": "ruido x2",
      "R": 0.9299170500870059,
      "R_uncl": 0.9299170500870059,
      "regret_mean": 379.4024602662456,
      "regret_max": 642.0687143236241
    },
    {
      "variante": "hist driver fijo en 5",
      "R": 0.9608457343915995,
      "R_uncl": 0.9608457343915995,
      "regret_mean": 93.51881849273573,
      "regret_max": 1204.4747587810575
    },
    {
      "variante": "curva monotona sin caida",
      "R": 0.7477876797789309,
      "R_uncl": 0.7477876797789309,
      "regret_mean": 1524.4228451333665,
      "regret_max": 8612.968429946595
    },
    {
      "variante": "curva proxy-suavizada",
      "R": 0.33733566108012186,
      "R_uncl": 0.33733566108012186,
      "regret_mean": 3823.1055007020555,
      "regret_max": 16568.642620933428
    }
  ],
  "redteam_failures": [],
  "exceedance_below_16": {
    "hist": {
      "truth": 0.213,
      "twin_monotone": 0.213,
      "proxy_smooth": 0.1353
    },
    "do_9.7": {
      "truth": 0.0,
      "twin_monotone": 0.0,
      "proxy_smooth": 0.0498
    }
  },
  "battery_k": 24,
  "certified_load": [
    "vicio:pozo-persistencia-valor-marginal-agotado",
    "canal:proxy-con-techo (op1: via economia del episodio)",
    "mecanismo:caida-alta-carga (op2: via distancia)"
  ],
  "gates": {
    "seduction_corr_band": true,
    "seduction_r2_band": true,
    "extras_add_nothing": true,
    "cheap_exhausts": true,
    "stratum_signal_observable": true,
    "no_inversions": true,
    "null_floor": true,
    "op2_visible": true,
    "proxy_smooth_central": true,
    "oracle_proxy_ceiling": true,
    "disciplinado_reaches": true,
    "deep_pit_separation": true,
    "deep_pit_wastes_median": true,
    "deep_pit_wastes_floor": true,
    "cinico_unpunished": true,
    "asociacional_reaches": true,
    "spend_curve_nonincreasing": true,
    "redteam_0137": true,
    "all": true
  }
}
