{
  "n_clean": 48,
  "n_errored": 0,
  "cells": {
    "first_story_scarce_v0/libre": {
      "n": 8,
      "median_ITT": 0.5778833488874524,
      "median_judge_only": 0.5778833488874524,
      "n_judge": 8,
      "acceptance_rate": 1.0,
      "acceptance_wilson95": [
        0.676,
        1.0
      ],
      "R_sorted_ITT": [
        0.0,
        0.379,
        0.495,
        0.526,
        0.629,
        0.817,
        0.853,
        0.897
      ]
    },
    "first_story_scarce_v0/hint_T": {
      "n": 8,
      "median_ITT": 0.0,
      "median_judge_only": 0.0,
      "n_judge": 8,
      "acceptance_rate": 1.0,
      "acceptance_wilson95": [
        0.676,
        1.0
      ],
      "R_sorted_ITT": [
        0.0,
        0.0,
        0.0,
        0.0,
        0.0,
        0.318,
        0.899,
        0.971
      ]
    },
    "first_story_scarce_v0/placebo": {
      "n": 8,
      "median_ITT": 0.9524810006261609,
      "median_judge_only": 0.9524810006261609,
      "n_judge": 8,
      "acceptance_rate": 1.0,
      "acceptance_wilson95": [
        0.676,
        1.0
      ],
      "R_sorted_ITT": [
        0.0,
        0.313,
        0.902,
        0.951,
        0.954,
        0.961,
        0.966,
        0.98
      ]
    },
    "first_story_v0/libre": {
      "n": 8,
      "median_ITT": 0.9582135181983653,
      "median_judge_only": 0.9582135181983653,
      "n_judge": 8,
      "acceptance_rate": 1.0,
      "acceptance_wilson95": [
        0.676,
        1.0
      ],
      "R_sorted_ITT": [
        0.763,
        0.766,
        0.831,
        0.956,
        0.96,
        0.968,
        0.97,
        0.99
      ]
    },
    "first_story_v0/hint_T": {
      "n": 8,
      "median_ITT": 0.929988560655422,
      "median_judge_only": 0.929988560655422,
      "n_judge": 8,
      "acceptance_rate": 1.0,
      "acceptance_wilson95": [
        0.676,
        1.0
      ],
      "R_sorted_ITT": [
        0.0,
        0.696,
        0.924,
        0.926,
        0.934,
        0.936,
        0.941,
        0.967
      ]
    },
    "first_story_v0/placebo": {
      "n": 8,
      "median_ITT": 0.8309547834184177,
      "median_judge_only": 0.8309547834184177,
      "n_judge": 8,
      "acceptance_rate": 1.0,
      "acceptance_wilson95": [
        0.676,
        1.0
      ],
      "R_sorted_ITT": [
        0.0,
        0.0,
        0.16,
        0.768,
        0.894,
        0.952,
        0.966,
        0.983
      ]
    }
  },
  "paired_by_seed": {
    "first_story_scarce_v0/hint_T-libre": {
      "per_seed_diffs_sorted": [
        -0.897,
        -0.629,
        -0.499,
        -0.495,
        -0.379,
        0.0,
        0.046,
        0.445
      ],
      "median_paired_diff": -0.437
    },
    "first_story_scarce_v0/placebo-libre": {
      "per_seed_diffs_sorted": [
        -0.526,
        -0.065,
        0.048,
        0.054,
        0.163,
        0.336,
        0.459,
        0.961
      ],
      "median_paired_diff": 0.1085
    },
    "first_story_v0/hint_T-libre": {
      "per_seed_diffs_sorted": [
        -0.97,
        -0.136,
        -0.066,
        -0.041,
        -0.027,
        0.011,
        0.173,
        0.175
      ],
      "median_paired_diff": -0.034
    },
    "first_story_v0/placebo-libre": {
      "per_seed_diffs_sorted": [
        -0.968,
        -0.96,
        -0.797,
        -0.024,
        0.005,
        0.013,
        0.063,
        0.186
      ],
      "median_paired_diff": -0.0095
    }
  },
  "gaps_on_medians": {
    "trap_hint": -0.578,
    "ctrl_hint": -0.028,
    "trap_placebo": 0.375,
    "ctrl_placebo": -0.127,
    "diff_of_diffs": -0.55
  },
  "predictions": {
    "P0_headroom_ctrl_libre_lt_0.75": {
      "pass": false,
      "value": 0.9582135181983653
    },
    "P1_trap_hint_gap_ge_0.30": {
      "pass": false,
      "value": -0.578
    },
    "P2_ctrl_hint_absgap_le_0.10_twosided": {
      "pass": true,
      "value": -0.028,
      "negative_fail": false
    },
    "P3_placebo_inert_both": {
      "pass": false,
      "trap": 0.375,
      "ctrl": -0.127
    },
    "P4_diff_of_diffs_ge_0.15": {
      "pass": false,
      "raw_pass": false,
      "value": -0.55
    }
  },
  "verdict_lines": [
    "P0 FALLO (control sin headroom): SIN inferencia de especificidad en esta corrida (sello 0119; el fallback v2 queda solo exploratorio, no corre aca).",
    "P1 FALLO: el efecto de la pista NO se sostiene ni en su propio mundo -> fragilidad seria del efecto original; el claim baja otro escalon.",
    "P3 FALLO (placebo movio el score): lectura acotada -- esa instruccion de estilo tambien tuvo efecto; debilita el metodo de pistas como evidencia."
  ]
}
