{
  "original_R0.9866": {
    "R_battery": 0.9865689679529288,
    "R_uncl": 0.9865689679529288,
    "regret_mean": 143.29262923818627,
    "regret_max": 337.1108512945415,
    "per_regime": [
      274.63314672174096,
      312.29085155748146,
      337.1108512945415,
      44.50013828945575,
      36.68957732920261,
      10.387876457741056,
      5.12599761241939,
      27.677291201082838,
      302.3751410171222,
      240.80733806410413,
      34.05156895162844,
      93.86177236171493
    ]
  },
  "fix_d_historical_humidity": {
    "R_battery": 1.0,
    "R_uncl": 1.0033572372540063,
    "regret_mean": 27.762295676781246,
    "regret_max": 93.86177236171493,
    "per_regime": [
      13.823206559792066,
      5.903693395272078,
      32.812594420890214,
      44.50013828945575,
      36.68957732920261,
      10.387876457741056,
      5.12599761241939,
      27.677291201082838,
      13.521013867502932,
      14.792817674672614,
      34.05156895162844,
      93.86177236171493
    ]
  },
  "fix_noise_decomposed": {
    "R_battery": 0.9792908119542126,
    "R_uncl": 0.9792908119542126,
    "regret_mean": 162.86967322419147,
    "regret_max": 381.30271744271505,
    "per_regime": [
      314.0083931409742,
      351.3667107685577,
      381.30271744271505,
      57.260885673767476,
      43.810004642526835,
      12.700970435740441,
      5.016925088617999,
      35.72855345316863,
      345.97696259488873,
      275.2151290846616,
      36.053713269085804,
      95.99511309559334
    ]
  },
  "fix_both": {
    "R_battery": 0.9984586008971696,
    "R_uncl": 0.9984586008971696,
    "regret_mean": 31.348692123592517,
    "regret_max": 95.99511309559334,
    "per_regime": [
      16.95570787066617,
      5.599990107593906,
      32.507640311881026,
      57.260885673767476,
      43.810004642526835,
      12.700970435740441,
      5.016925088617999,
      35.72855345316863,
      16.471180669189987,
      18.083620865278593,
      36.053713269085804,
      95.99511309559334
    ]
  },
  "reference_truth": {
    "R_battery": 1.0,
    "R_uncl": 1.0231425534408158,
    "regret_mean": 0.9793949536678402,
    "regret_max": 2.041444445594256,
    "per_regime": [
      0.6668261874083784,
      0.7163124626287005,
      2.041444445594256,
      1.0734704740215266,
      0.9512056374664256,
      0.877125489508397,
      1.1021269949451686,
      0.714701293114535,
      0.7036334692707553,
      0.6914450274564562,
      0.7180828863130475,
      1.4963650762864356
    ]
  }
}
