{
  "thr_global": 0.037158377936245164,
  "thr_local": 0.4257457272247688,
  "stds": {
    "c_f_0": {
      "mid": [
        0.009191089530459174,
        0.5834544670222442
      ],
      "oracle": [
        0.001314910511482172,
        0.9521142868438183
      ],
      "conf_local": [
        0.14191524240825626,
        -0.7373144900488402
      ]
    },
    "c_f_8": {
      "mid": [
        0.012386125978748387,
        0.1781068722637056
      ],
      "oracle": [
        0.010627939384526018,
        0.6606109797137385
      ],
      "conf_local": [
        0.062020573028999514,
        0.06824501731732441
      ]
    }
  },
  "results": {
    "0.0": {
      "R": {
        "world": 1.0,
        "rung_2_perturbed": 0.9831289352427066,
        "rung_3_ablate_confounding": 0.9921593621802677,
        "rung_4_twin_confounding": 0.9964817638160196,
        "rung_5_ablate_heterogeneity": 0.5829544440170075,
        "rung_6_oracle_moments": 0.9520480535112288,
        "rung_7_naive_fit": 0.0,
        "rung_8_null": -0.36329983374082964
      },
      "R_obs_conf_abl": -0.7230321214305347,
      "R_obs_conf_twin": 0.07670914016609023,
      "denom": 1.7779427694490266,
      "gates": {
        "i": true,
        "null_floor": true,
        "ii": true,
        "ii_hetero_oracle": true,
        "ii_conf_local": true,
        "iii": true,
        "all": true
      }
    },
    "0.25": {
      "R": {
        "world": 1.0,
        "rung_2_perturbed": 0.983283540895114,
        "rung_3_ablate_confounding": 0.9893012847061906,
        "rung_4_twin_confounding": 0.9966018731867229,
        "rung_5_ablate_heterogeneity": 0.5525664162151894,
        "rung_6_oracle_moments": 0.9343192382901517,
        "rung_7_naive_fit": 0.0,
        "rung_8_null": -0.3450962300876481
      },
      "R_obs_conf_abl": -0.7129070127912339,
      "R_obs_conf_twin": 0.2905147179357856,
      "denom": 1.8433586336395358,
      "gates": {
        "i": true,
        "null_floor": true,
        "ii": true,
        "ii_hetero_oracle": true,
        "ii_conf_local": true,
        "iii": true,
        "all": true
      }
    },
    "0.5": {
      "R": {
        "world": 1.0,
        "rung_2_perturbed": 0.9834275495258485,
        "rung_3_ablate_confounding": 0.9866391063371179,
        "rung_4_twin_confounding": 0.996713749989052,
        "rung_5_ablate_heterogeneity": 0.5242612526825251,
        "rung_6_oracle_moments": 0.9178055962286896,
        "rung_7_naive_fit": 0.0,
        "rung_8_null": -0.3281403426688437
      },
      "R_obs_conf_abl": -0.7065980293151002,
      "R_obs_conf_twin": 0.4237375706781658,
      "denom": 1.9087744978300447,
      "gates": {
        "i": true,
        "null_floor": true,
        "ii": true,
        "ii_hetero_oracle": true,
        "ii_conf_local": true,
        "iii": true,
        "all": true
      }
    },
    "1.0": {
      "R": {
        "world": 1.0,
        "rung_2_perturbed": 0.9836878542350338,
        "rung_3_ablate_confounding": 0.9830418291179539,
        "rung_4_twin_confounding": 0.9969159743859258,
        "rung_5_ablate_heterogeneity": 0.4771782969207688,
        "rung_6_oracle_moments": 0.887956143647465,
        "rung_7_naive_fit": 0.0,
        "rung_8_null": -0.2974915036304034
      },
      "R_obs_conf_abl": -0.6006541577815668,
      "R_obs_conf_twin": 0.5807822530119203,
      "denom": 2.0396062262110615,
      "gates": {
        "i": true,
        "null_floor": true,
        "ii": true,
        "ii_hetero_oracle": true,
        "ii_conf_local": true,
        "iii": true,
        "all": true
      }
    },
    "2.0": {
      "R": {
        "world": 1.0,
        "rung_2_perturbed": 0.9841196706312035,
        "rung_3_ablate_confounding": 0.9791961468653331,
        "rung_4_twin_confounding": 0.9972514420405406,
        "rung_5_ablate_heterogeneity": 0.40180919488055117,
        "rung_6_oracle_moments": 0.83843924062407,
        "rung_7_naive_fit": 0.0,
        "rung_8_null": -0.24664850788981366
      },
      "R_obs_conf_abl": -0.3757573414756996,
      "R_obs_conf_twin": 0.7281941833575435,
      "denom": 2.3012696829730976,
      "gates": {
        "i": true,
        "null_floor": true,
        "ii": true,
        "ii_hetero_oracle": true,
        "ii_conf_local": true,
        "iii": true,
        "all": true
      }
    },
    "4.0": {
      "R": {
        "world": 1.0,
        "rung_2_perturbed": 0.984675242501322,
        "rung_3_ablate_confounding": 0.9761944223354648,
        "rung_4_twin_confounding": 0.9977258180463049,
        "rung_5_ablate_heterogeneity": 0.3100159764251438,
        "rung_6_oracle_moments": 0.7665042963325048,
        "rung_7_naive_fit": 0.0,
        "rung_8_null": -0.17845501827926152
      },
      "R_obs_conf_abl": -0.09257806778027788,
      "R_obs_conf_twin": 0.8397694608007928,
      "denom": 2.8120545117701603,
      "gates": {
        "i": true,
        "null_floor": true,
        "ii": true,
        "ii_hetero_oracle": true,
        "ii_conf_local": true,
        "iii": true,
        "all": true
      }
    },
    "8.0": {
      "R": {
        "world": 1.0,
        "rung_2_perturbed": 0.9848537119231078,
        "rung_3_ablate_confounding": 0.9716771000447361,
        "rung_4_twin_confounding": 0.9982385249923779,
        "rung_5_ablate_heterogeneity": 0.18344148406032187,
        "rung_6_oracle_moments": 0.671759357096855,
        "rung_7_naive_fit": 0.0,
        "rung_8_null": -0.1329098823281759
      },
      "R_obs_conf_abl": 0.08879158882872173,
      "R_obs_conf_twin": 0.9112307986729339,
      "denom": 3.709972968193793,
      "gates": {
        "i": true,
        "null_floor": true,
        "ii": true,
        "ii_hetero_oracle": true,
        "ii_conf_local": true,
        "iii": true,
        "all": true
      }
    }
  },
  "c_star": 0.0,
  "stds_winner": {
    "mid": [
      0.00888767545732629,
      0.5818787883227116
    ],
    "oracle": [
      0.00113813001092225,
      0.9520932031143531
    ],
    "conf_local": [
      0.16550025378798017,
      -0.6890326173915997
    ]
  }
}
