{
  "cv_sweep": 0.06954322324188282,
  "cv_lo": 0.0157528822726603,
  "cv_hi": 0.06954322324188282,
  "grid_items": 27,
  "results": {
    "0.0": {
      "R": {
        "world": 1.0,
        "rung_2_perturbed": 0.9831289352427066,
        "rung_3_ablate_confounding": 0.9921593621802677,
        "rung_4_twin_confounding": 0.9964817638160196,
        "rung_5_ablate_heterogeneity": 0.5829544440170075,
        "rung_6_oracle_moments": 0.9520480535112288,
        "rung_7_naive_fit": 0.0,
        "rung_8_null": -0.36329983374082964
      },
      "denom": 1.7779427694490266,
      "gates": {
        "i": false,
        "ii": false,
        "iii": false,
        "all": false,
        "threshold": 0.20862966972564845
      }
    },
    "0.25": {
      "R": {
        "world": 1.0,
        "rung_2_perturbed": 0.983283540895114,
        "rung_3_ablate_confounding": 0.9893012847061906,
        "rung_4_twin_confounding": 0.9966018731867229,
        "rung_5_ablate_heterogeneity": 0.5525664162151894,
        "rung_6_oracle_moments": 0.9343192382901517,
        "rung_7_naive_fit": 0.0,
        "rung_8_null": -0.3450962300876481
      },
      "denom": 1.8433586336395358,
      "gates": {
        "i": false,
        "ii": false,
        "iii": false,
        "all": false,
        "threshold": 0.20862966972564845
      }
    },
    "0.5": {
      "R": {
        "world": 1.0,
        "rung_2_perturbed": 0.9834275495258485,
        "rung_3_ablate_confounding": 0.9866391063371179,
        "rung_4_twin_confounding": 0.996713749989052,
        "rung_5_ablate_heterogeneity": 0.5242612526825251,
        "rung_6_oracle_moments": 0.9178055962286896,
        "rung_7_naive_fit": 0.0,
        "rung_8_null": -0.3281403426688437
      },
      "denom": 1.9087744978300447,
      "gates": {
        "i": false,
        "ii": false,
        "iii": false,
        "all": false,
        "threshold": 0.20862966972564845
      }
    },
    "1.0": {
      "R": {
        "world": 1.0,
        "rung_2_perturbed": 0.9836878542350338,
        "rung_3_ablate_confounding": 0.9830418291179539,
        "rung_4_twin_confounding": 0.9969159743859258,
        "rung_5_ablate_heterogeneity": 0.4771782969207688,
        "rung_6_oracle_moments": 0.887956143647465,
        "rung_7_naive_fit": 0.0,
        "rung_8_null": -0.2974915036304034
      },
      "denom": 2.0396062262110615,
      "gates": {
        "i": false,
        "ii": false,
        "iii": false,
        "all": false,
        "threshold": 0.20862966972564845
      }
    },
    "2.0": {
      "R": {
        "world": 1.0,
        "rung_2_perturbed": 0.9841196706312035,
        "rung_3_ablate_confounding": 0.9791961468653331,
        "rung_4_twin_confounding": 0.9972514420405406,
        "rung_5_ablate_heterogeneity": 0.40180919488055117,
        "rung_6_oracle_moments": 0.83843924062407,
        "rung_7_naive_fit": 0.0,
        "rung_8_null": -0.24664850788981366
      },
      "denom": 2.3012696829730976,
      "gates": {
        "i": false,
        "ii": false,
        "iii": false,
        "all": false,
        "threshold": 0.20862966972564845
      }
    },
    "4.0": {
      "R": {
        "world": 1.0,
        "rung_2_perturbed": 0.984675242501322,
        "rung_3_ablate_confounding": 0.9761944223354648,
        "rung_4_twin_confounding": 0.9977258180463049,
        "rung_5_ablate_heterogeneity": 0.3100159764251438,
        "rung_6_oracle_moments": 0.7665042963325048,
        "rung_7_naive_fit": 0.0,
        "rung_8_null": -0.17845501827926152
      },
      "denom": 2.8120545117701603,
      "gates": {
        "i": false,
        "ii": false,
        "iii": true,
        "all": false,
        "threshold": 0.20862966972564845
      }
    },
    "8.0": {
      "R": {
        "world": 1.0,
        "rung_2_perturbed": 0.9848537119231078,
        "rung_3_ablate_confounding": 0.9716771000447361,
        "rung_4_twin_confounding": 0.9982385249923779,
        "rung_5_ablate_heterogeneity": 0.18344148406032187,
        "rung_6_oracle_moments": 0.671759357096855,
        "rung_7_naive_fit": 0.0,
        "rung_8_null": -0.1329098823281759
      },
      "denom": 3.709972968193793,
      "gates": {
        "i": false,
        "ii": false,
        "iii": true,
        "all": false,
        "threshold": 0.20862966972564845
      }
    }
  }
}
