{
  "mendel_subtypes_v0": {
    "frozen": {
      "c_f": 0.25,
      "denom": 0.10270003869939655,
      "R_dexp": {
        "linear_no_latent": 0.011429546414277052,
        "gbm_no_latent": 0.013481804275666861,
        "logistic_ctx_no_latent": 0.009192690681931702
      },
      "best_dexp": "gbm_no_latent",
      "theory_gap": 0.9865181957243332,
      "gap_energy_only": 0.9310265982740378,
      "functional_share": 0.056249948243024255,
      "R_dobs": {
        "linear_no_latent": 0.0031149191129741113,
        "gbm_no_latent": 0.007001687902979766,
        "logistic_ctx_no_latent": 0.003114919112973976
      },
      "mechanistic_gap": 0.9929983120970203
    },
    "x2": {
      "c_f": 0.5,
      "denom": 0.10177200839636626,
      "R_dexp": {
        "linear_no_latent": -0.02121730792939625,
        "gbm_no_latent": -0.019715185626046614,
        "logistic_ctx_no_latent": -0.021917547831001215
      },
      "best_dexp": "gbm_no_latent",
      "theory_gap": 1.0197151856260467,
      "gap_energy_only": 0.9310265982740378,
      "functional_share": 0.08697388114070224,
      "R_dobs": {
        "linear_no_latent": 0.0019523068805126003,
        "gbm_no_latent": 0.006023395059170283,
        "logistic_ctx_no_latent": 0.001952306880512464
      },
      "mechanistic_gap": 0.9939766049408297
    },
    "delta_p": {
      "mean": 0.2269090909090909,
      "max": 0.712
    },
    "access": {
      "theory": {
        "mode": "experimental",
        "n_rows": 7500,
        "seed0": 60001,
        "grid": "do(dose) x 6 x 5 (standard v0.39)",
        "standardized": true
      },
      "mechanistic": {
        "mode": "observational",
        "n_rows": 4000,
        "seed0": 50001,
        "grid": null,
        "standardized": true
      }
    }
  },
  "mendel_subtypes_v1": {
    "frozen": {
      "c_f": 0.25,
      "denom": 0.026642058081316786,
      "R_dexp": {
        "linear_no_latent": -0.05198728302569064,
        "gbm_no_latent": -0.05198728302569064,
        "logistic_ctx_no_latent": -0.05198728302569064
      },
      "best_dexp": "linear_no_latent",
      "theory_gap": 1.0519872830256907,
      "gap_energy_only": 1.0617060780666283,
      "functional_share": -0.009238510006494347,
      "R_dobs": {
        "linear_no_latent": 0.0057430846949979705,
        "gbm_no_latent": 0.01398139358855296,
        "logistic_ctx_no_latent": 0.005743084694998231
      },
      "mechanistic_gap": 0.986018606411447
    },
    "x2": {
      "c_f": 0.5,
      "denom": 0.025903446801376854,
      "R_dexp": {
        "linear_no_latent": -0.010624058300889333,
        "gbm_no_latent": -0.010624058300889333,
        "logistic_ctx_no_latent": -0.010624058300889333
      },
      "best_dexp": "linear_no_latent",
      "theory_gap": 1.0106240583008894,
      "gap_energy_only": 1.0617060780666283,
      "functional_share": -0.050545026457830905,
      "R_dobs": {
        "linear_no_latent": 0.002689768014696401,
        "gbm_no_latent": 0.01189413760309553,
        "logistic_ctx_no_latent": 0.002689768014696669
      },
      "mechanistic_gap": 0.9881058623969045
    },
    "delta_p": {
      "mean": 0.23018181818181818,
      "max": 0.653
    },
    "access": {
      "theory": {
        "mode": "experimental",
        "n_rows": 7500,
        "seed0": 60001,
        "grid": "do(dose) x 6 x 5 (standard v0.39)",
        "standardized": true
      },
      "mechanistic": {
        "mode": "observational",
        "n_rows": 4000,
        "seed0": 50001,
        "grid": null,
        "standardized": true
      }
    }
  }
}
