{
  "mendel_subtypes_v0": {
    "frozen": {
      "c_f": 0.25,
      "denom": 0.10270003869939655,
      "R_dexp": {
        "linear_no_latent": 0.011429546414277052,
        "gbm_no_latent": 0.013481804275666861,
        "logistic_ctx_no_latent": 0.009192690681931702,
        "hetero_no_latent": 0.12146771180061004,
        "marker_conditional_no_latent": 0.3345308304540989
      },
      "best_dexp": "marker_conditional_no_latent",
      "theory_gap": 0.6654691695459011,
      "gap_energy_only": 0.5432447889125496,
      "functional_share": 0.18366648107342712,
      "R_dobs": {
        "linear_no_latent": 0.0031149191129741113,
        "gbm_no_latent": 0.007001687902979766,
        "logistic_ctx_no_latent": 0.003114919112973976,
        "hetero_no_latent": 0.011598027608502896,
        "marker_conditional_no_latent": -0.042570053908642845
      },
      "mechanistic_gap": 0.9884019723914971
    },
    "x2": {
      "c_f": 0.5,
      "denom": 0.10177200839636626,
      "R_dexp": {
        "linear_no_latent": -0.02121730792939625,
        "gbm_no_latent": -0.019715185626046614,
        "logistic_ctx_no_latent": -0.021917547831001215,
        "hetero_no_latent": 0.06334609515380928,
        "marker_conditional_no_latent": 0.26427887092506736
      },
      "best_dexp": "marker_conditional_no_latent",
      "theory_gap": 0.7357211290749326,
      "gap_energy_only": 0.5432447889125496,
      "functional_share": 0.26161589297346316,
      "R_dobs": {
        "linear_no_latent": 0.0019523068805126003,
        "gbm_no_latent": 0.006023395059170283,
        "logistic_ctx_no_latent": 0.001952306880512464,
        "hetero_no_latent": 0.012336514169339043,
        "marker_conditional_no_latent": -0.0323879685586821
      },
      "mechanistic_gap": 0.987663485830661
    },
    "delta_p": {
      "mean": 0.10460606060606062,
      "max": 0.389
    },
    "access": {
      "theory": {
        "mode": "experimental",
        "n_rows": 7500,
        "seed0": 60001,
        "grid": "do(dose) x 6 x 5 (standard v0.39)",
        "standardized": true
      },
      "mechanistic": {
        "mode": "observational",
        "n_rows": 4000,
        "seed0": 50001,
        "grid": null,
        "standardized": true
      }
    }
  },
  "mendel_subtypes_v1": {
    "frozen": {
      "c_f": 0.25,
      "denom": 0.026642058081316786,
      "R_dexp": {
        "linear_no_latent": -0.05198728302569064,
        "gbm_no_latent": -0.05198728302569064,
        "logistic_ctx_no_latent": -0.05198728302569064,
        "hetero_no_latent": -0.05198728302569064,
        "marker_conditional_no_latent": -0.05198728302569064
      },
      "best_dexp": "linear_no_latent",
      "theory_gap": 1.0519872830256907,
      "gap_energy_only": 1.0617060780666283,
      "functional_share": -0.009238510006494347,
      "R_dobs": {
        "linear_no_latent": 0.0057430846949979705,
        "gbm_no_latent": 0.01398139358855296,
        "logistic_ctx_no_latent": 0.005743084694998231,
        "hetero_no_latent": 0.027440642185024244,
        "marker_conditional_no_latent": -0.05198728302569064
      },
      "mechanistic_gap": 0.9725593578149757
    },
    "x2": {
      "c_f": 0.5,
      "denom": 0.025903446801376854,
      "R_dexp": {
        "linear_no_latent": -0.010624058300889333,
        "gbm_no_latent": -0.010624058300889333,
        "logistic_ctx_no_latent": -0.010624058300889333,
        "hetero_no_latent": -0.010624058300889333,
        "marker_conditional_no_latent": -0.010624058300889333
      },
      "best_dexp": "linear_no_latent",
      "theory_gap": 1.0106240583008894,
      "gap_energy_only": 1.0617060780666283,
      "functional_share": -0.050545026457830905,
      "R_dobs": {
        "linear_no_latent": 0.002689768014696401,
        "gbm_no_latent": 0.01189413760309553,
        "logistic_ctx_no_latent": 0.002689768014696669,
        "hetero_no_latent": 0.03231754427747304,
        "marker_conditional_no_latent": -0.010624058300889333
      },
      "mechanistic_gap": 0.967682455722527
    },
    "delta_p": {
      "mean": 0.23018181818181818,
      "max": 0.653
    },
    "access": {
      "theory": {
        "mode": "experimental",
        "n_rows": 7500,
        "seed0": 60001,
        "grid": "do(dose) x 6 x 5 (standard v0.39)",
        "standardized": true
      },
      "mechanistic": {
        "mode": "observational",
        "n_rows": 4000,
        "seed0": 50001,
        "grid": null,
        "standardized": true
      }
    }
  }
}
