{
  "robots": {
    "terco_noticia": {
      "mean_R": 0.00018873834761666772,
      "std_R": 0.00037747669523333544,
      "per_seed": [
        0.0009,
        0.0,
        0.0,
        0.0,
        0.0
      ]
    },
    "cuidadoso_noticia": {
      "mean_R": 0.9888748753478168,
      "std_R": 0.0040284001059479315,
      "per_seed": [
        0.9831,
        0.9931,
        0.985,
        0.9922,
        0.9909
      ]
    }
  },
  "gates": {
    "terco_ignora_al_piso": true,
    "cuidadoso_incorpora_llega": true,
    "all": true
  }
}
